time	plasma_radioactivity	whole_blood_radioactivity
204.0	14598.204162088914	23877.970302252277
300.0	10151.280564764844	20171.432876999206
618.0	9353.471178533015	15350.662711134248
918.0	6931.688818654367	13043.409085446374
1828.1999999999998	7201.411135791581	11784.98292117059
2742.0	5704.118696842601	8167.320429037815
3634.2	4228.608161743705	6643.282115443383
5445.0	3934.625926535361	5652.890518234385
7251.0	3641.0249242841014	4767.933660719041
