time	plasma_radioactivity	metabolite_parent_fraction	whole_blood_radioactivity
174.0	26514.074197815968	0.9801309819144697	55834.167939115316
295.2	16351.631445832325	0.9521728521040839	44582.10247780651
597.0	12337.062820619562	0.8929044000981924	36576.24876897891
901.1999999999999	11513.985705344732	0.8710143300781982	28891.033730641266
1798.8	9861.089439180856	0.8236155801229482	21244.311011915015
2701.8	8430.562754641618	0.7828393201926545	18166.96373284099
3594.0	7366.483998079613	0.7596387166352117	14013.111968776437
5452.799999999999	6219.606249875603	0.7142857142857143	10598.695573892932
7264.8	5646.019294888013	0.8062015503875969	9049.911058594678
