time	plasma_radioactivity	metabolite_parent_fraction	whole_blood_radioactivity
183.0	52470.328586978525	0.9826544081887867	77331.45088741607
303.0	14583.680447695784	0.982154807048851	40918.94051551332
597.0	9159.956019133377	0.9195363109444255	29701.941240016782
907.1999999999999	8522.32031638466	0.8394803989793551	25585.33687241989
1789.8	6844.987243660431	0.7398703403565641	16539.126051386826
2710.8	6504.370069854032	0.6938775510204082	12692.727267005306
3589.2	5370.098537108516	0.6514018691588785	10637.185888985996
5401.2	4617.009617750801	0.6092896174863388	7518.123227654433
7194.0	4354.9269386500355	0.7058823529411765	7096.257380305318
